"date","symbol","close"
"2010-01-04","GOOG","312.205308358"
"2010-01-05","GOOG","310.830458632"
"2010-01-06","GOOG","302.994812557"
"2010-01-07","GOOG","295.941242071"
"2010-01-08","GOOG","299.886469888"
"2010-01-11","GOOG","299.433161001"
"2010-01-12","GOOG","294.138016503"
"2010-01-13","GOOG","292.449323638"
"2010-01-14","GOOG","293.824173364"
"2010-01-15","GOOG","288.917548598"
"2010-01-19","GOOG","292.713331572"
"2010-01-20","GOOG","289.121803003"
"2010-01-21","GOOG","290.401987059"
"2010-01-22","GOOG","273.978527716"
"2010-01-25","GOOG","268.992221616"
"2010-01-26","GOOG","270.197698193"
"2010-01-27","GOOG","270.03830464"
"2010-01-28","GOOG","266.147856494"
"2010-01-29","GOOG","263.98098247"
"2010-02-01","GOOG","265.51522575"
"2010-02-02","GOOG","264.56878275"
"2010-02-03","GOOG","269.400669652"
"2010-02-04","GOOG","262.406883081"
"2010-02-05","GOOG","264.653468826"
"2010-02-08","GOOG","265.739408458"
"2010-02-09","GOOG","267.218872563"
"2010-02-10","GOOG","266.227568215"
"2010-02-11","GOOG","267.198944259"
"2010-02-12","GOOG","265.565060955"
"2010-02-16","GOOG","269.639774927"
"2010-02-17","GOOG","268.100557292"
"2010-02-18","GOOG","270.59619752"
"2010-02-19","GOOG","269.370792638"
"2010-02-22","GOOG","270.386999147"
"2010-02-23","GOOG","266.536406613"
"2010-02-24","GOOG","264.743129755"
"2010-02-25","GOOG","262.232536076"
"2010-02-26","GOOG","262.416862177"
"2010-03-01","GOOG","265.350857841"
"2010-03-02","GOOG","269.520237482"
"2010-03-03","GOOG","271.642281042"
"2010-03-04","GOOG","276.259995216"
"2010-03-05","GOOG","281.052026008"
"2010-03-08","GOOG","280.190269084"
"2010-03-09","GOOG","279.049520391"
"2010-03-10","GOOG","287.149173901"
"2010-03-11","GOOG","289.485420575"
"2010-03-12","GOOG","288.688422419"
"2010-03-15","GOOG","280.538963592"
"2010-03-16","GOOG","281.545191004"
"2010-03-17","GOOG","281.724512364"
"2010-03-18","GOOG","282.142939995"
"2010-03-19","GOOG","278.954885107"
"2010-03-22","GOOG","277.709551921"
"2010-03-23","GOOG","273.47541401"
"2010-03-24","GOOG","277.624865846"
"2010-03-25","GOOG","280.389518748"
"2010-03-26","GOOG","280.294883464"
"2010-03-29","GOOG","280.175315634"
"2010-03-30","GOOG","282.297359193"
"2010-03-31","GOOG","282.501613598"
"2010-04-01","GOOG","283.338467863"
"2010-04-05","GOOG","284.439330559"
"2010-04-06","GOOG","283.049557769"
"2010-04-07","GOOG","280.71828545"
"2010-04-08","GOOG","282.685909312"
"2010-04-09","GOOG","282.053279066"
"2010-04-12","GOOG","285.296143514"
"2010-04-13","GOOG","292.289930085"
"2010-04-14","GOOG","293.400771877"
"2010-04-15","GOOG","296.539021447"
"2010-04-16","GOOG","274.048260341"
"2010-04-19","GOOG","274.023358181"
"2010-04-20","GOOG","276.48414704"
"2010-04-21","GOOG","276.115524727"
"2010-04-22","GOOG","272.509042707"
"2010-04-23","GOOG","271.477913133"
"2010-04-26","GOOG","264.827816329"
"2010-04-27","GOOG","263.542627034"
"2010-04-28","GOOG","263.607385802"
"2010-04-29","GOOG","265.007137688"
"2010-04-30","GOOG","261.86888762"
"2010-05-03","GOOG","264.309748674"
"2010-05-04","GOOG","252.239980129"
"2010-05-05","GOOG","253.928642608"
"2010-05-06","GOOG","248.404341544"
"2010-05-07","GOOG","245.64966724"
"2010-05-10","GOOG","259.851458938"
"2010-05-11","GOOG","253.574973746"
"2010-05-12","GOOG","251.75180493"
"2010-05-13","GOOG","254.486566373"
"2010-05-14","GOOG","252.817816258"
"2010-05-17","GOOG","253.036993727"
"2010-05-18","GOOG","248.254911644"
"2010-05-19","GOOG","246.292262137"
"2010-05-20","GOOG","236.618508739"
"2010-05-21","GOOG","235.144033933"
"2010-05-24","GOOG","237.689494422"
"2010-05-25","GOOG","237.644663957"
"2010-05-26","GOOG","236.84765036"
"2010-05-27","GOOG","244.314673624"
"2010-05-28","GOOG","241.908678883"
"2010-06-01","GOOG","240.284774674"
"2010-06-02","GOOG","245.764245771"
"2010-06-03","GOOG","251.856419309"
"2010-06-04","GOOG","248.429259147"
"2010-06-07","GOOG","241.853884765"
"2010-06-08","GOOG","241.485261953"
"2010-06-09","GOOG","236.125343743"
"2010-06-10","GOOG","242.596103746"
"2010-06-11","GOOG","243.338323225"
"2010-06-14","GOOG","240.693238153"
"2010-06-15","GOOG","248.065610691"
"2010-06-16","GOOG","249.699494493"
"2010-06-17","GOOG","249.106719858"
"2010-06-18","GOOG","249.081802255"
"2010-06-21","GOOG","243.368215182"
"2010-06-22","GOOG","242.217532723"
"2010-06-23","GOOG","240.125366177"
"2010-06-24","GOOG","236.663339204"
"2010-06-25","GOOG","235.457847184"
"2010-06-28","GOOG","235.15897244"
"2010-06-29","GOOG","226.282233138"
"2010-06-30","GOOG","221.644606102"
"2010-07-01","GOOG","218.924798609"
"2010-07-02","GOOG","217.46027301"
"2010-07-06","GOOG","217.221182181"
"2010-07-07","GOOG","224.259799217"
"2010-07-08","GOOG","227.427941242"
"2010-07-09","GOOG","232.872530585"
"2010-07-12","GOOG","237.026972218"
"2010-07-13","GOOG","243.687017732"
"2010-07-14","GOOG","244.75302906"
"2010-07-15","GOOG","246.088022676"
"2010-07-16","GOOG","228.947246015"
"2010-07-19","GOOG","232.219987477"
"2010-07-20","GOOG","239.896224556"
"2010-07-21","GOOG","237.858852128"
"2010-07-22","GOOG","241.500215902"
"2010-07-23","GOOG","244.115409016"
"2010-07-26","GOOG","243.572454643"
"2010-07-27","GOOG","245.395623458"
"2010-07-28","GOOG","241.271074281"
"2010-07-29","GOOG","241.589876333"
"2010-07-30","GOOG","241.520143708"
"2010-08-02","GOOG","244.289756021"
"2010-08-03","GOOG","244.000845429"
"2010-08-04","GOOG","252.215062527"
"2010-08-05","GOOG","253.101752495"
"2010-08-06","GOOG","249.176452483"
"2010-08-09","GOOG","251.731877124"
"2010-08-10","GOOG","250.914935223"
"2010-08-11","GOOG","244.952278723"
"2010-08-12","GOOG","245.086769618"
"2010-08-13","GOOG","242.267337542"
"2010-08-16","GOOG","241.888751077"
"2010-08-17","GOOG","244.344550637"
"2010-08-18","GOOG","240.175170498"
"2010-08-19","GOOG","233.111636358"
"2010-08-20","GOOG","230.147748736"
"2010-08-23","GOOG","231.168914656"
"2010-08-24","GOOG","224.852588796"
"2010-08-25","GOOG","226.461554497"
"2010-08-26","GOOG","224.648349833"
"2010-08-27","GOOG","228.558695896"
"2010-08-30","GOOG","225.500157549"
"2010-08-31","GOOG","224.170138288"
"2010-09-01","GOOG","229.305904674"
"2010-09-02","GOOG","230.725584865"
"2010-09-03","GOOG","234.272297913"
"2010-09-07","GOOG","231.333297508"
"2010-09-08","GOOG","234.411763661"
"2010-09-09","GOOG","237.201319222"
"2010-09-10","GOOG","237.181391417"
"2010-09-13","GOOG","240.234954911"
"2010-09-14","GOOG","239.318388427"
"2010-09-15","GOOG","239.423002807"
"2010-09-16","GOOG","239.632216124"
"2010-09-17","GOOG","244.160254425"
"2010-09-20","GOOG","253.191412926"
"2010-09-21","GOOG","255.771739727"
"2010-09-22","GOOG","257.037000718"
"2010-09-23","GOOG","255.781703879"
"2010-09-24","GOOG","262.660942305"
"2010-09-27","GOOG","264.215113888"
"2010-09-28","GOOG","262.60115839"
"2010-09-29","GOOG","262.860191968"
"2010-09-30","GOOG","261.913748471"
"2010-10-01","GOOG","261.829062395"
"2010-10-04","GOOG","260.200152947"
"2010-10-05","GOOG","268.110506002"
"2010-10-06","GOOG","266.177763396"
"2010-10-07","GOOG","264.015864225"
"2010-10-08","GOOG","267.174011713"
"2010-10-11","GOOG","268.414370045"
"2010-10-12","GOOG","269.684605391"
"2010-10-13","GOOG","270.63605363"
"2010-10-14","GOOG","269.455479212"
"2010-10-15","GOOG","299.602534149"
"2010-10-18","GOOG","307.702187659"
"2010-10-19","GOOG","302.780639829"
"2010-10-20","GOOG","302.855347307"
"2010-10-21","GOOG","304.852848183"
"2010-10-22","GOOG","305.121860858"
"2010-10-25","GOOG","307.099433928"
"2010-10-26","GOOG","308.145517451"
"2010-10-27","GOOG","307.084510864"
"2010-10-28","GOOG","308.135568741"
"2010-10-29","GOOG","305.704656397"
"2010-11-01","GOOG","306.352240592"
"2010-11-02","GOOG","306.651130281"
"2010-11-03","GOOG","308.932566896"
"2010-11-04","GOOG","310.969954766"
"2010-11-05","GOOG","311.37342795"
"2010-11-08","GOOG","312.215287453"
"2010-11-09","GOOG","311.243911409"
"2010-11-10","GOOG","310.277540106"
"2010-11-11","GOOG","307.443154081"
"2010-11-12","GOOG","300.519100633"
"2010-11-15","GOOG","296.623677635"
"2010-11-16","GOOG","290.77060987"
"2010-11-17","GOOG","290.685923296"
"2010-11-18","GOOG","297.166647451"
"2010-11-19","GOOG","294.312364006"
"2010-11-22","GOOG","294.50660843"
"2010-11-23","GOOG","290.416941007"
"2010-11-24","GOOG","296.374623152"
"2010-11-26","GOOG","293.89891073"
"2010-11-29","GOOG","289.968636861"
"2010-11-30","GOOG","276.817888096"
"2010-12-01","GOOG","281.121759131"
"2010-12-02","GOOG","284.842834627"
"2010-12-03","GOOG","285.430634907"
"2010-12-06","GOOG","288.100622139"
"2010-12-07","GOOG","292.474225799"
"2010-12-08","GOOG","294.167893517"
"2010-12-09","GOOG","294.646104564"
"2010-12-10","GOOG","294.999773426"
"2010-12-13","GOOG","296.200276148"
"2010-12-14","GOOG","296.344746637"
"2010-12-15","GOOG","294.048355574"
"2010-12-16","GOOG","294.750718944"
"2010-12-17","GOOG","294.297410057"
"2010-12-20","GOOG","296.419453617"
"2010-12-21","GOOG","300.409511899"
"2010-12-22","GOOG","301.614988476"
"2010-12-23","GOOG","300.987332585"
"2010-12-27","GOOG","300.065791746"
"2010-12-28","GOOG","298.342247513"
"2010-12-29","GOOG","299.378381827"
"2010-12-30","GOOG","298.312370499"
"2010-12-31","GOOG","295.876483801"
"2011-01-03","GOOG","301.0471165"
"2011-01-04","GOOG","299.936274708"
"2011-01-05","GOOG","303.398316625"
"2011-01-06","GOOG","305.605046758"
"2011-01-07","GOOG","307.069557413"
"2011-01-10","GOOG","305.958715621"
"2011-01-11","GOOG","306.855353801"
"2011-01-12","GOOG","307.283760527"
"2011-01-13","GOOG","307.194099598"
"2011-01-14","GOOG","310.925124302"
"2011-01-18","GOOG","318.621273744"
"2011-01-19","GOOG","314.69597423"
"2011-01-20","GOOG","312.215287453"
"2011-01-21","GOOG","304.773166849"
"2011-01-24","GOOG","304.399569682"
"2011-01-25","GOOG","308.798076001"
"2011-01-26","GOOG","307.099433928"
"2011-01-27","GOOG","307.243904418"
"2011-01-28","GOOG","299.373377086"
"2011-01-31","GOOG","299.059564333"
"2011-02-01","GOOG","304.379641877"
"2011-02-02","GOOG","304.857852924"
"2011-02-03","GOOG","303.9362817"
"2011-02-04","GOOG","304.349734477"
"2011-02-07","GOOG","305.99857173"
"2011-02-08","GOOG","308.035928716"
"2011-02-09","GOOG","307.099433928"
"2011-02-10","GOOG","307.069557413"
"2011-02-11","GOOG","311.084517856"
"2011-02-14","GOOG","312.902697372"
"2011-02-15","GOOG","310.910170353"
"2011-02-16","GOOG","310.945021721"
"2011-02-17","GOOG","311.463088878"
"2011-02-18","GOOG","313.864094321"
"2011-02-22","GOOG","303.966189099"
"2011-02-23","GOOG","304.519107127"
"2011-02-24","GOOG","303.273774439"
"2011-02-25","GOOG","303.881502525"
"2011-02-28","GOOG","305.555241939"
"2011-03-01","GOOG","299.258813997"
"2011-03-02","GOOG","299.273767448"
"2011-03-03","GOOG","303.642396752"
"2011-03-04","GOOG","299.189081372"
"2011-03-07","GOOG","294.725816783"
"2011-03-08","GOOG","295.049578246"
"2011-03-09","GOOG","294.780595957"
"2011-03-10","GOOG","289.066993442"
"2011-03-11","GOOG","287.278690939"
"2011-03-14","GOOG","283.931242498"
"2011-03-15","GOOG","283.717039384"
"2011-03-16","GOOG","277.510302258"
"2011-03-17","GOOG","279.632345818"
"2011-03-18","GOOG","279.482900974"
"2011-03-21","GOOG","287.174106946"
"2011-03-22","GOOG","287.582554982"
"2011-03-23","GOOG","289.993539022"
"2011-03-24","GOOG","292.349714"
"2011-03-25","GOOG","288.788062444"
"2011-03-28","GOOG","286.606234969"
"2011-03-29","GOOG","289.779335908"
"2011-03-30","GOOG","289.834115082"
"2011-03-31","GOOG","292.28495573"
"2011-04-01","GOOG","294.795549408"
"2011-04-04","GOOG","292.743238972"
"2011-04-05","GOOG","283.482938352"
"2011-04-06","GOOG","286.018434689"
"2011-04-07","GOOG","288.917548598"
"2011-04-08","GOOG","288.000982115"
"2011-04-11","GOOG","287.607457143"
"2011-04-12","GOOG","284.240080896"
"2011-04-13","GOOG","287.064518211"
"2011-04-14","GOOG","288.175329119"
"2011-04-15","GOOG","264.359584377"
"2011-04-18","GOOG","262.436759597"
"2011-04-19","GOOG","259.791674525"
"2011-04-20","GOOG","261.883841569"
"2011-04-21","GOOG","261.570028816"
"2011-04-25","GOOG","261.545126158"
"2011-04-26","GOOG","265.415616111"
"2011-04-27","GOOG","267.876405468"
"2011-04-28","GOOG","267.980989462"
"2011-04-29","GOOG","271.034552956"
"2011-05-02","GOOG","268.274904795"
"2011-05-03","GOOG","265.948606831"
"2011-05-04","GOOG","266.895080216"
"2011-05-05","GOOG","266.137907286"
"2011-05-06","GOOG","266.651000587"
"2011-05-09","GOOG","267.836549359"
"2011-05-10","GOOG","270.317236136"
"2011-05-11","GOOG","266.725707567"
"2011-05-12","GOOG","266.526457903"
"2011-05-13","GOOG","263.786707162"
"2011-05-16","GOOG","258.242477794"
"2011-05-17","GOOG","264.240016049"
"2011-05-18","GOOG","263.9162242"
"2011-05-19","GOOG","264.63354102"
"2011-05-20","GOOG","261.03700771"
"2011-05-23","GOOG","258.22755473"
"2011-05-24","GOOG","258.162795962"
"2011-05-25","GOOG","258.865159331"
"2011-05-26","GOOG","258.098037691"
"2011-05-27","GOOG","259.477861772"
"2011-05-31","GOOG","263.522699228"
"2011-06-01","GOOG","261.819082801"
"2011-06-02","GOOG","263.044487682"
"2011-06-03","GOOG","260.563801404"
"2011-06-06","GOOG","259.557573991"
"2011-06-07","GOOG","258.546341837"
"2011-06-08","GOOG","258.616074462"
"2011-06-09","GOOG","257.400648677"
"2011-06-10","GOOG","253.804115366"
"2011-06-13","GOOG","251.423038726"
"2011-06-14","GOOG","253.23624339"
"2011-06-15","GOOG","250.5363642"
"2011-06-16","GOOG","249.251174905"
"2011-06-17","GOOG","241.60481484"
"2011-06-20","GOOG","241.385637371"
"2011-06-21","GOOG","245.579934615"
"2011-06-22","GOOG","242.596103746"
"2011-06-23","GOOG","239.213774048"
"2011-06-24","GOOG","236.553750469"
"2011-06-27","GOOG","240.498962845"
"2011-06-28","GOOG","245.90371152"
"2011-06-29","GOOG","247.856397374"
"2011-06-30","GOOG","252.244954484"
"2011-07-01","GOOG","259.54262054"
"2011-07-05","GOOG","265.226315157"
"2011-07-06","GOOG","266.680877102"
"2011-07-07","GOOG","272.279885644"
"2011-07-08","GOOG","265.002163334"
"2011-07-11","GOOG","262.65596795"
"2011-07-12","GOOG","266.008390746"
"2011-07-13","GOOG","268.125459951"
"2011-07-14","GOOG","263.482843119"
"2011-07-15","GOOG","297.694693704"
"2011-07-18","GOOG","296.359669701"
"2011-07-19","GOOG","300.150477822"
"2011-07-20","GOOG","296.563924106"
"2011-07-21","GOOG","302.36218231"
"2011-07-22","GOOG","307.961221238"
"2011-07-25","GOOG","308.334818404"
"2011-07-26","GOOG","310.098218249"
"2011-07-27","GOOG","302.476775786"
"2011-07-28","GOOG","304.329806671"
"2011-07-29","GOOG","300.718350296"
"2011-08-01","GOOG","302.252593576"
"2011-08-02","GOOG","295.09440871"
"2011-08-03","GOOG","299.463068401"
"2011-08-04","GOOG","287.682195007"
"2011-08-05","GOOG","288.439367937"
"2011-08-08","GOOG","271.99097555"
"2011-08-09","GOOG","285.634858427"
"2011-08-10","GOOG","273.480388365"
"2011-08-11","GOOG","280.01592208"
"2011-08-12","GOOG","280.832848539"
"2011-08-15","GOOG","277.575061026"
"2011-08-16","GOOG","268.494082264"
"2011-08-17","GOOG","265.57998402"
"2011-08-18","GOOG","251.497761148"
"2011-08-19","GOOG","244.543815245"
"2011-08-22","GOOG","248.155287062"
"2011-08-23","GOOG","258.441727458"
"2011-08-24","GOOG","260.668385397"
"2011-08-25","GOOG","259.049455544"
"2011-08-26","GOOG","262.446739191"
"2011-08-29","GOOG","268.533938374"
"2011-08-30","GOOG","269.340916123"
"2011-08-31","GOOG","269.470432663"
"2011-09-01","GOOG","265.256222557"
"2011-09-02","GOOG","261.440511778"
"2011-09-06","GOOG","260.115466872"
"2011-09-07","GOOG","266.018369842"
"2011-09-08","GOOG","266.481627439"
"2011-09-09","GOOG","261.445486133"
"2011-09-12","GOOG","264.070643399"
"2011-09-13","GOOG","263.771784097"
"2011-09-14","GOOG","265.042019443"
"2011-09-15","GOOG","270.267431317"
"2011-09-16","GOOG","272.319741753"
"2011-09-19","GOOG","272.314767398"
"2011-09-20","GOOG","272.294839593"
"2011-09-21","GOOG","268.593722289"
"2011-09-22","GOOG","259.358293942"
"2011-09-23","GOOG","261.774252336"
"2011-09-26","GOOG","264.952358514"
"2011-09-27","GOOG","268.663454914"
"2011-09-28","GOOG","263.433038299"
"2011-09-29","GOOG","262.765556684"
"2011-09-30","GOOG","256.558789671"
"2011-10-03","GOOG","246.835231454"
"2011-10-04","GOOG","250.01332219"
"2011-10-05","GOOG","251.408100219"
"2011-10-06","GOOG","256.394421762"
"2011-10-07","GOOG","256.59864578"
"2011-10-10","GOOG","267.582490135"
"2011-10-11","GOOG","270.576269714"
"2011-10-12","GOOG","273.226359527"
"2011-10-13","GOOG","278.451771401"
"2011-10-14","GOOG","294.735765493"
"2011-10-17","GOOG","290.118051319"
"2011-10-18","GOOG","294.152939568"
"2011-10-19","GOOG","289.266243106"
"2011-10-20","GOOG","290.745707211"
"2011-10-21","GOOG","294.142990858"
"2011-10-24","GOOG","297.096914328"
"2011-10-25","GOOG","290.491678373"
"2011-10-26","GOOG","292.060773022"
"2011-10-27","GOOG","298.21770483"
"2011-10-28","GOOG","298.949975599"
"2011-10-31","GOOG","295.213976541"
"2011-11-01","GOOG","288.245092628"
"2011-11-02","GOOG","291.318553542"
"2011-11-03","GOOG","297.634909788"
"2011-11-04","GOOG","296.957449078"
"2011-11-07","GOOG","303.029694312"
"2011-11-08","GOOG","305.027195188"
"2011-11-09","GOOG","299.353479667"
"2011-11-10","GOOG","296.429432712"
"2011-11-11","GOOG","303.039643021"
"2011-11-14","GOOG","305.35596189"
"2011-11-15","GOOG","307.129341328"
"2011-11-16","GOOG","304.593844991"
"2011-11-17","GOOG","299.313623557"
"2011-11-18","GOOG","296.329792688"
"2011-11-21","GOOG","289.385810936"
"2011-11-22","GOOG","288.917548598"
"2011-11-23","GOOG","283.991026413"
"2011-11-25","GOOG","280.449302663"
"2011-11-28","GOOG","292.997267311"
"2011-11-29","GOOG","290.377084898"
"2011-11-30","GOOG","298.576378433"
"2011-12-01","GOOG","305.739538152"
"2011-12-02","GOOG","309.022227825"
"2011-12-05","GOOG","311.657364187"
"2011-12-06","GOOG","310.720869897"
"2011-12-07","GOOG","310.53159933"
"2011-12-08","GOOG","306.875282104"
"2011-12-09","GOOG","312.5390798"
"2011-12-12","GOOG","311.527847647"
"2011-12-13","GOOG","311.647415477"
"2011-12-14","GOOG","307.881509517"
"2011-12-15","GOOG","308.613779788"
"2011-12-16","GOOG","311.811783386"
"2011-12-19","GOOG","309.754498594"
"2011-12-20","GOOG","314.008564312"
"2011-12-21","GOOG","311.742050761"
"2011-12-22","GOOG","313.674823753"
"2011-12-23","GOOG","315.38838889"
"2011-12-27","GOOG","318.930112142"
"2011-12-28","GOOG","318.656155499"
"2011-12-29","GOOG","320.001097825"
"2011-12-30","GOOG","321.744570362"
"2012-01-03","GOOG","331.463153725"
"2012-01-04","GOOG","332.892813011"
"2012-01-05","GOOG","328.275098838"
"2012-01-06","GOOG","323.796880798"
"2012-01-09","GOOG","310.068311347"
"2012-01-10","GOOG","310.407057145"
"2012-01-11","GOOG","311.811783386"
"2012-01-12","GOOG","313.644916353"
"2012-01-13","GOOG","311.328597983"
"2012-01-17","GOOG","313.116900486"
"2012-01-18","GOOG","315.273825303"
"2012-01-19","GOOG","318.591397229"
"2012-01-20","GOOG","291.901379468"
"2012-01-23","GOOG","291.66724805"
"2012-01-24","GOOG","289.380836581"
"2012-01-25","GOOG","283.682188015"
"2012-01-26","GOOG","282.989773355"
"2012-01-27","GOOG","288.907599889"
"2012-01-30","GOOG","287.766881581"
"2012-01-31","GOOG","288.972358159"
"2012-02-01","GOOG","289.331001376"
"2012-02-02","GOOG","291.463024031"
"2012-02-03","GOOG","297.052083863"
"2012-02-06","GOOG","303.408265833"
"2012-02-07","GOOG","302.252593576"
"2012-02-08","GOOG","303.786867242"
"2012-02-09","GOOG","304.58884025"
"2012-02-10","GOOG","301.824217734"
"2012-02-13","GOOG","304.957462563"
"2012-02-14","GOOG","303.742036777"
"2012-02-15","GOOG","301.649870231"
"2012-02-16","GOOG","302.128081777"
"2012-02-17","GOOG","301.191586989"
"2012-02-21","GOOG","305.854101241"
"2012-02-22","GOOG","302.835419003"
"2012-02-23","GOOG","301.923826874"
"2012-02-24","GOOG","303.8117699"
"2012-02-27","GOOG","303.517854567"
"2012-02-28","GOOG","308.040903071"
"2012-02-29","GOOG","307.971169948"
"2012-03-01","GOOG","310.038434333"
"2012-03-02","GOOG","309.465588002"
"2012-03-05","GOOG","305.978643426"
"2012-03-06","GOOG","301.350980543"
"2012-03-07","GOOG","302.267547027"
"2012-03-08","GOOG","302.436920175"
"2012-03-09","GOOG","299.004785159"
"2012-03-12","GOOG","301.445615827"
"2012-03-13","GOOG","307.737069414"
"2012-03-14","GOOG","306.845405091"
"2012-03-15","GOOG","309.405804087"
"2012-03-16","GOOG","311.353500144"
"2012-03-19","GOOG","315.806816023"
"2012-03-20","GOOG","315.562735895"
"2012-03-21","GOOG","318.795621247"
"2012-03-22","GOOG","321.819307728"
"2012-03-23","GOOG","320.095763495"
"2012-03-26","GOOG","323.453160646"
"2012-03-27","GOOG","322.302493628"
"2012-03-28","GOOG","326.656169482"
"2012-03-29","GOOG","322.994877404"
"2012-03-30","GOOG","319.423277139"
"2012-04-02","GOOG","322.252658423"
"2012-04-03","GOOG","320.110687057"
"2012-04-04","GOOG","316.38964145"
"2012-04-05","GOOG","314.97990997"
"2012-04-09","GOOG","314.24269573"
"2012-04-10","GOOG","312.260117918"
"2012-04-11","GOOG","316.793115131"
"2012-04-12","GOOG","324.290045795"
"2012-04-13","GOOG","311.134322675"
"2012-04-16","GOOG","301.903899069"
"2012-04-17","GOOG","303.647371107"
"2012-04-18","GOOG","302.591339374"
"2012-04-19","GOOG","298.531548467"
"2012-04-20","GOOG","296.917592968"
"2012-04-23","GOOG","297.684714608"
"2012-04-24","GOOG","299.51287322"
"2012-04-25","GOOG","303.722108972"
"2012-04-26","GOOG","306.586371512"
"2012-04-27","GOOG","306.342291883"
"2012-04-30","GOOG","301.296201369"
"2012-05-01","GOOG","301.08697261"
"2012-05-02","GOOG","302.49670409"
"2012-05-03","GOOG","304.369662283"
"2012-05-04","GOOG","297.370901855"
"2012-05-07","GOOG","302.641143695"
"2012-05-08","GOOG","305.251377896"
"2012-05-09","GOOG","303.438172734"
"2012-05-10","GOOG","305.684758977"
"2012-05-11","GOOG","301.485471936"
"2012-05-14","GOOG","300.872769495"
"2012-05-15","GOOG","304.414492747"
"2012-05-16","GOOG","313.291247491"
"2012-05-17","GOOG","310.36222668"
"2012-05-18","GOOG","299.079492139"
"2012-05-21","GOOG","305.908910801"
"2012-05-22","GOOG","299.278741803"
"2012-05-23","GOOG","303.592591933"
"2012-05-24","GOOG","300.703396348"
"2012-05-25","GOOG","294.661058015"
"2012-05-29","GOOG","296.060810399"
"2012-05-30","GOOG","293.017195615"
"2012-05-31","GOOG","289.345955325"
"2012-06-01","GOOG","284.424407494"
"2012-06-04","GOOG","288.215185229"
"2012-06-05","GOOG","284.140471257"
"2012-06-06","GOOG","289.201484836"
"2012-06-07","GOOG","288.035863869"
"2012-06-08","GOOG","289.141731306"
"2012-06-11","GOOG","283.189023019"
"2012-06-12","GOOG","281.495355799"
"2012-06-13","GOOG","279.497854923"
"2012-06-14","GOOG","278.481647916"
"2012-06-15","GOOG","281.201470852"
"2012-06-18","GOOG","284.359648726"
"2012-06-19","GOOG","289.679695883"
"2012-06-20","GOOG","287.677220652"
"2012-06-21","GOOG","281.550165359"
"2012-06-22","GOOG","284.673461977"
"2012-06-25","GOOG","279.303579614"
"2012-06-26","GOOG","281.286157426"
"2012-06-27","GOOG","283.587522345"
"2012-06-28","GOOG","281.101830827"
"2012-06-29","GOOG","288.952430353"
"2012-07-02","GOOG","289.151680016"
"2012-07-03","GOOG","292.817945951"
"2012-07-05","GOOG","296.847859845"
"2012-07-06","GOOG","291.896405113"
"2012-07-09","GOOG","291.911358564"
"2012-07-10","GOOG","289.764382457"
"2012-07-11","GOOG","284.528991488"
"2012-07-12","GOOG","284.175322625"
"2012-07-13","GOOG","287.184055655"
"2012-07-16","GOOG","286.387057002"
"2012-07-17","GOOG","287.288670035"
"2012-07-18","GOOG","289.296150505"
"2012-07-19","GOOG","295.423174914"
"2012-07-20","GOOG","304.270053142"
"2012-07-23","GOOG","306.606299816"
"2012-07-24","GOOG","302.651123289"
"2012-07-25","GOOG","302.860321662"
"2012-07-26","GOOG","305.535314133"
"2012-07-27","GOOG","316.295006664"
"2012-07-30","GOOG","314.96996126"
"2012-07-31","GOOG","315.303702316"
"2012-08-01","GOOG","315.159262213"
"2012-08-02","GOOG","313.20158706"
"2012-08-03","GOOG","319.468107603"
"2012-08-06","GOOG","320.210327082"
"2012-08-07","GOOG","319.074582631"
"2012-08-08","GOOG","319.916411749"
"2012-08-09","GOOG","319.976195664"
"2012-08-10","GOOG","319.801848161"
"2012-08-13","GOOG","328.773238189"
"2012-08-14","GOOG","333.082113965"
"2012-08-15","GOOG","332.524190698"
"2012-08-16","GOOG","335.179255364"
"2012-08-17","GOOG","337.306272781"
"2012-08-20","GOOG","336.509274625"
"2012-08-21","GOOG","333.50551595"
"2012-08-22","GOOG","337.326201084"
"2012-08-23","GOOG","337.136900131"
"2012-08-24","GOOG","338.04849226"
"2012-08-27","GOOG","333.361045461"
"2012-08-28","GOOG","337.361082839"
"2012-08-29","GOOG","342.720985608"
"2012-08-30","GOOG","339.567812475"
"2012-08-31","GOOG","341.266423663"
"2012-09-04","GOOG","339.248994981"
"2012-09-05","GOOG","339.089601427"
"2012-09-06","GOOG","348.394732013"
"2012-09-07","GOOG","351.757133905"
"2012-09-10","GOOG","349.077167079"
"2012-09-11","GOOG","344.803173058"
"2012-09-12","GOOG","344.150644894"
"2012-09-13","GOOG","351.702324345"
"2012-09-14","GOOG","353.515559893"
"2012-09-17","GOOG","353.664973853"
"2012-09-18","GOOG","357.799502624"
"2012-09-19","GOOG","362.392283753"
"2012-09-20","GOOG","362.701122649"
"2012-09-21","GOOG","365.625169105"
"2012-09-24","GOOG","373.291442032"
"2012-09-25","GOOG","373.181853297"
"2012-09-26","GOOG","375.323855049"
"2012-09-27","GOOG","376.838170523"
"2012-09-28","GOOG","375.84189182"
"2012-10-01","GOOG","379.468302144"
"2012-10-02","GOOG","377.082250651"
"2012-10-03","GOOG","379.826975747"
"2012-10-04","GOOG","382.591598263"
"2012-10-05","GOOG","382.3923486"
"2012-10-08","GOOG","377.505652138"
"2012-10-09","GOOG","370.656336056"
"2012-10-10","GOOG","370.890437088"
"2012-10-11","GOOG","374.337525554"
"2012-10-12","GOOG","370.985102758"
"2012-10-15","GOOG","369.107139326"
"2012-10-16","GOOG","370.960200099"
"2012-10-17","GOOG","376.335056816"
"2012-10-18","GOOG","346.202955828"
"2012-10-19","GOOG","339.622591649"
"2012-10-22","GOOG","338.068420065"
"2012-10-23","GOOG","338.905274828"
"2012-10-24","GOOG","337.385985"
"2012-10-25","GOOG","337.615111178"
"2012-10-26","GOOG","336.314999317"
"2012-10-31","GOOG","338.88037217"
"2012-11-01","GOOG","342.511756848"
"2012-11-02","GOOG","342.676155143"
"2012-11-05","GOOG","340.205417574"
"2012-11-06","GOOG","339.58774028"
"2012-11-07","GOOG","332.314961939"
"2012-11-08","GOOG","324.927650894"
"2012-11-09","GOOG","330.277604953"
"2012-11-12","GOOG","331.707264239"
"2012-11-13","GOOG","328.295027142"
"2012-11-14","GOOG","325.057167435"
"2012-11-15","GOOG","322.422031073"
"2012-11-16","GOOG","322.382174963"
"2012-11-19","GOOG","332.857931755"
"2012-11-20","GOOG","333.734642129"
"2012-11-21","GOOG","331.692310788"
"2012-11-23","GOOG","332.738393812"
"2012-11-26","GOOG","329.341110166"
"2012-11-27","GOOG","334.103264442"
"2012-11-28","GOOG","340.559085938"
"2012-11-29","GOOG","344.6537586"
"2012-11-30","GOOG","347.881639211"
"2012-12-03","GOOG","346.327467628"
"2012-12-04","GOOG","344.225352372"
"2012-12-05","GOOG","342.626350324"
"2012-12-06","GOOG","344.275157191"
"2012-12-07","GOOG","340.828068725"
"2012-12-10","GOOG","341.430822456"
"2012-12-11","GOOG","347.139419732"
"2012-12-12","GOOG","347.478165529"
"2012-12-13","GOOG","350.038564027"
"2012-12-14","GOOG","349.669941714"
"2012-12-17","GOOG","359.04483581"
"2012-12-18","GOOG","359.189275414"
"2012-12-19","GOOG","358.711094753"
"2012-12-20","GOOG","359.831885255"
"2012-12-21","GOOG","356.479432073"
"2012-12-24","GOOG","353.425868578"
"2012-12-26","GOOG","353.112055825"
"2012-12-27","GOOG","351.82686653"
"2012-12-28","GOOG","348.698596056"
"2012-12-31","GOOG","352.369836346"
"2013-01-02","GOOG","360.275215046"
"2013-01-03","GOOG","360.484443805"
"2013-01-04","GOOG","367.607746916"
"2013-01-07","GOOG","366.003771012"
"2013-01-08","GOOG","365.281448952"
"2013-01-09","GOOG","367.682454395"
"2013-01-10","GOOG","369.356193808"
"2013-01-11","GOOG","368.613974329"
"2013-01-14","GOOG","360.275215046"
"2013-01-15","GOOG","361.112099697"
"2013-01-16","GOOG","356.260254604"
"2013-01-17","GOOG","354.332486352"
"2013-01-18","GOOG","350.940207446"
"2013-01-22","GOOG","350.123250601"
"2013-01-23","GOOG","369.366172904"
"2013-01-24","GOOG","375.697452215"
"2013-01-25","GOOG","375.428439042"
"2013-01-28","GOOG","373.963928388"
"2013-01-29","GOOG","375.433444282"
"2013-01-30","GOOG","375.508151261"
"2013-01-31","GOOG","376.434666455"
"2013-02-01","GOOG","386.352530366"
"2013-02-04","GOOG","378.093452418"
"2013-02-05","GOOG","381.440931246"
"2013-02-06","GOOG","383.647660881"
"2013-02-07","GOOG","385.530598668"
"2013-02-08","GOOG","391.219298524"
"2013-02-11","GOOG","389.749783129"
"2013-02-12","GOOG","388.893001058"
"2013-02-13","GOOG","389.968961096"
"2013-02-14","GOOG","392.439729549"
"2013-02-15","GOOG","394.965246293"
"2013-02-19","GOOG","401.91920714"
"2013-02-20","GOOG","394.751043178"
"2013-02-21","GOOG","396.280312103"
"2013-02-22","GOOG","398.362529939"
"2013-02-25","GOOG","393.909214061"
"2013-02-26","GOOG","393.590396567"
"2013-02-27","GOOG","398.397381308"
"2013-02-28","GOOG","399.104749419"
"2013-03-01","GOOG","401.590440937"
"2013-03-04","GOOG","409.216857754"
"2013-03-05","GOOG","417.734938895"
"2013-03-06","GOOG","414.138405584"
"2013-03-07","GOOG","414.74613367"
"2013-03-08","GOOG","414.208168596"
"2013-03-11","GOOG","415.852001108"
"2013-03-12","GOOG","412.260442152"
"2013-03-13","GOOG","411.114748992"
"2013-03-14","GOOG","409.23678556"
"2013-03-15","GOOG","405.63030354"
"2013-03-18","GOOG","402.387439092"
"2013-03-19","GOOG","404.145865079"
"2013-03-20","GOOG","405.834527558"
"2013-03-21","GOOG","404.11595768"
"2013-03-22","GOOG","403.642751373"
"2013-03-25","GOOG","403.30897993"
"2013-03-26","GOOG","404.69380925"
"2013-03-27","GOOG","399.832014949"
"2013-03-28","GOOG","395.612830488"
"2013-04-01","GOOG","399.099775064"
"2013-04-02","GOOG","405.002647648"
"2013-04-03","GOOG","401.595415291"
"2013-04-04","GOOG","396.051185924"
"2013-04-05","GOOG","390.063626766"
"2013-04-08","GOOG","385.9789332"
"2013-04-09","GOOG","387.373680345"
"2013-04-10","GOOG","393.615298727"
"2013-04-11","GOOG","393.719913605"
"2013-04-12","GOOG","393.550540457"
"2013-04-15","GOOG","389.505703499"
"2013-04-16","GOOG","395.204352065"
"2013-04-17","GOOG","389.819546638"
"2013-04-18","GOOG","381.52561782"
"2013-04-19","GOOG","398.442211772"
"2013-04-22","GOOG","398.561779603"
"2013-04-23","GOOG","402.44224915"
"2013-04-24","GOOG","405.206871666"
"2013-04-25","GOOG","403.039997642"
"2013-04-26","GOOG","399.214338153"
"2013-04-29","GOOG","408.001401582"
"2013-04-30","GOOG","410.746126679"
"2013-05-01","GOOG","408.683867034"
"2013-05-02","GOOG","413.256720357"
"2013-05-03","GOOG","421.281667386"
"2013-05-06","GOOG","429.167117782"
"2013-05-07","GOOG","427.015166822"
"2013-05-08","GOOG","435.18458434"
"2013-05-09","GOOG","434.113567773"
"2013-05-10","GOOG","438.472248368"
"2013-05-13","GOOG","437.127306042"
"2013-05-14","GOOG","441.894434673"
"2013-05-15","GOOG","456.235706565"
"2013-05-16","GOOG","450.248147407"
"2013-05-17","GOOG","452.893232479"
"2013-05-20","GOOG","452.56944063"
"2013-05-21","GOOG","451.792339396"
"2013-05-22","GOOG","443.050106432"
"2013-05-23","GOOG","439.747488455"
"2013-05-24","GOOG","435.030134256"
"2013-05-28","GOOG","438.990315525"
"2013-05-29","GOOG","432.534494029"
"2013-05-30","GOOG","433.754924556"
"2013-05-31","GOOG","433.984081619"
"2013-06-03","GOOG","432.195779115"
"2013-06-04","GOOG","427.946687255"
"2013-06-05","GOOG","428.245576943"
"2013-06-06","GOOG","430.706335416"
"2013-06-07","GOOG","438.223193885"
"2013-06-10","GOOG","443.448605759"
"2013-06-11","GOOG","438.263049995"
"2013-06-12","GOOG","434.362652641"
"2013-06-13","GOOG","436.863267224"
"2013-06-14","GOOG","435.886947211"
"2013-06-17","GOOG","441.471032688"
"2013-06-18","GOOG","448.629187168"
"2013-06-19","GOOG","448.659094567"
"2013-06-20","GOOG","440.718834113"
"2013-06-21","GOOG","438.820942875"
"2013-06-24","GOOG","433.271739153"
"2013-06-25","GOOG","431.483436152"
"2013-06-26","GOOG","435.194533049"
"2013-06-27","GOOG","436.898148979"
"2013-06-28","GOOG","438.541980993"
"2013-07-01","GOOG","442.282984792"
"2013-07-02","GOOG","439.50838318"
"2013-07-03","GOOG","441.560693617"
"2013-07-05","GOOG","445.077514708"
"2013-07-08","GOOG","450.855845107"
"2013-07-09","GOOG","450.930582971"
"2013-07-10","GOOG","451.304179639"
"2013-07-11","GOOG","458.40258059"
"2013-07-12","GOOG","459.777430315"
"2013-07-15","GOOG","460.619289819"
"2013-07-16","GOOG","458.088767837"
"2013-07-17","GOOG","457.560751472"
"2013-07-18","GOOG","453.640426313"
"2013-07-19","GOOG","446.626711936"
"2013-07-22","GOOG","453.650375023"
"2013-07-23","GOOG","450.213265653"
"2013-07-24","GOOG","449.76493112"
"2013-07-25","GOOG","442.193324361"
"2013-07-26","GOOG","441.022698156"
"2013-07-29","GOOG","439.488454876"
"2013-07-30","GOOG","443.797300266"
"2013-07-31","GOOG","442.218226522"
"2013-08-01","GOOG","450.42249491"
"2013-08-02","GOOG","451.593090231"
"2013-08-05","GOOG","450.811014643"
"2013-08-06","GOOG","446.611757987"
"2013-08-07","GOOG","443.662808873"
"2013-08-08","GOOG","444.66406193"
"2013-08-09","GOOG","443.543241042"
"2013-08-12","GOOG","441.102410375"
"2013-08-13","GOOG","438.980336429"
"2013-08-14","GOOG","433.281687863"
"2013-08-15","GOOG","428.225648639"
"2013-08-16","GOOG","426.855773268"
"2013-08-19","GOOG","431.209449122"
"2013-08-20","GOOG","431.094886033"
"2013-08-21","GOOG","433.04258209"
"2013-08-22","GOOG","435.224409565"
"2013-08-23","GOOG","433.480967912"
"2013-08-26","GOOG","431.578071435"
"2013-08-27","GOOG","423.488397021"
"2013-08-28","GOOG","422.691367982"
"2013-08-29","GOOG","426.118528642"
"2013-08-30","GOOG","421.869467168"
"2013-09-03","GOOG","428.584291856"
"2013-09-04","GOOG","434.188305637"
"2013-09-05","GOOG","438.138507809"
"2013-09-06","GOOG","438.148456519"
"2013-09-09","GOOG","442.367671366"
"2013-09-10","GOOG","442.676509764"
"2013-09-11","GOOG","446.422457532"
"2013-09-12","GOOG","444.863311594"
"2013-09-13","GOOG","442.875759427"
"2013-09-16","GOOG","442.223200877"
"2013-09-17","GOOG","441.401269677"
"2013-09-18","GOOG","449.974160378"
"2013-09-19","GOOG","447.518375761"
"2013-09-20","GOOG","449.869545998"
"2013-09-23","GOOG","441.595544985"
"2013-09-24","GOOG","441.764917635"
"2013-09-25","GOOG","436.977861198"
"2013-09-26","GOOG","437.446093149"
"2013-09-27","GOOG","436.559434065"
"2013-09-30","GOOG","436.320328292"
"2013-10-01","GOOG","441.844629854"
"2013-10-02","GOOG","442.337763966"
"2013-10-03","GOOG","436.409989221"
"2013-10-04","GOOG","434.546948854"
"2013-10-07","GOOG","431.254309973"
"2013-10-08","GOOG","425.241818268"
"2013-10-09","GOOG","426.332731756"
"2013-10-10","GOOG","432.499643158"
"2013-10-11","GOOG","434.367626996"
"2013-10-14","GOOG","436.419937931"
"2013-10-15","GOOG","439.358938336"
"2013-10-16","GOOG","447.339024016"
"2013-10-17","GOOG","442.736263293"
"2013-10-18","GOOG","503.817422612"
"2013-10-21","GOOG","499.777560009"
"2013-10-22","GOOG","501.620672073"
"2013-10-23","GOOG","513.780116988"
"2013-10-24","GOOG","510.861044389"
"2013-10-25","GOOG","505.705365638"
"2013-10-28","GOOG","505.605725116"
"2013-10-29","GOOG","516.186065901"
"2013-10-30","GOOG","513.286951991"
"2013-10-31","GOOG","513.366663712"
"2013-11-01","GOOG","511.603263868"
"2013-11-04","GOOG","511.140006271"
"2013-11-05","GOOG","508.853564417"
"2013-11-06","GOOG","509.466266857"
"2013-11-07","GOOG","502.093878379"
"2013-11-08","GOOG","506.118818416"
"2013-11-11","GOOG","503.408974576"
"2013-11-12","GOOG","504.001749211"
"2013-11-13","GOOG","514.308132855"
"2013-11-14","GOOG","515.682952195"
"2013-11-15","GOOG","514.851102671"
"2013-11-18","GOOG","513.849819227"
"2013-11-19","GOOG","510.686697384"
"2013-11-20","GOOG","509.24708889"
"2013-11-21","GOOG","515.105131508"
"2013-11-22","GOOG","514.019191877"
"2013-11-25","GOOG","521.01303922"
"2013-11-26","GOOG","527.229725055"
"2013-11-27","GOOG","529.57097647"
"2013-11-29","GOOG","527.817494451"
"2013-12-02","GOOG","525.27207979"
"2013-12-03","GOOG","524.664351704"
"2013-12-04","GOOG","527.115161468"
"2013-12-05","GOOG","526.696703949"
"2013-12-06","GOOG","532.938352717"
"2013-12-09","GOOG","537.057927539"
"2013-12-10","GOOG","540.305735956"
"2013-12-11","GOOG","536.63446528"
"2013-12-12","GOOG","532.983152795"
"2013-12-13","GOOG","528.415273827"
"2013-12-16","GOOG","534.487549946"
"2013-12-17","GOOG","532.933347976"
"2013-12-18","GOOG","540.350536034"
"2013-12-19","GOOG","541.08283719"
"2013-12-20","GOOG","548.25594512"
"2013-12-23","GOOG","555.46890916"
"2013-12-24","GOOG","553.845004952"
"2013-12-26","GOOG","556.644509223"
"2013-12-27","GOOG","557.11277156"
"2013-12-30","GOOG","552.65945618"
"2013-12-31","GOOG","558.263469462"
"2014-01-02","GOOG","554.482640438"
"2014-01-03","GOOG","550.437772595"
"2014-01-06","GOOG","556.574806984"
"2014-01-07","GOOG","567.304561729"
"2014-01-08","GOOG","568.485166532"
"2014-01-09","GOOG","563.01066979"
"2014-01-10","GOOG","562.980762888"
"2014-01-13","GOOG","559.394208674"
"2014-01-14","GOOG","572.554937033"
"2014-01-15","GOOG","572.166386416"
"2014-01-16","GOOG","575.95215941"
"2014-01-17","GOOG","573.11780377"
"2014-01-21","GOOG","579.678240144"
"2014-01-22","GOOG","580.33577305"
"2014-01-23","GOOG","577.884963286"
"2014-01-24","GOOG","559.817610161"
"2014-01-27","GOOG","548.559778279"
"2014-01-28","GOOG","559.409162125"
"2014-01-29","GOOG","551.394195189"
"2014-01-30","GOOG","565.576043141"
"2014-01-31","GOOG","588.280976975"
"2014-02-03","GOOG","564.599723128"
"2014-02-04","GOOG","566.955867221"
"2014-02-05","GOOG","569.466491784"
"2014-02-06","GOOG","577.815199777"
"2014-02-07","GOOG","586.522550987"
"2014-02-10","GOOG","584.275965242"
"2014-02-11","GOOG","592.868814633"
"2014-02-12","GOOG","591.130286065"
"2014-02-13","GOOG","597.71068063"
"2014-02-14","GOOG","599.155262981"
"2014-02-18","GOOG","603.180172632"
"2014-02-19","GOOG","598.926136802"
"2014-02-20","GOOG","599.807791145"
"2014-02-21","GOOG","599.648427978"
"2014-02-24","GOOG","603.992124736"
"2014-02-25","GOOG","607.723148941"
"2014-02-26","GOOG","607.807805129"
"2014-02-27","GOOG","607.329654854"
"2014-02-28","GOOG","605.556274917"
"2014-03-03","GOOG","599.100453421"
"2014-03-04","GOOG","605.187622218"
"2014-03-05","GOOG","606.856387277"
"2014-03-06","GOOG","607.528873633"
"2014-03-07","GOOG","605.127868689"
"2014-03-10","GOOG","603.5238619"
"2014-03-11","GOOG","597.755480709"
"2014-03-12","GOOG","601.396843985"
"2014-03-13","GOOG","592.310891366"
"2014-03-14","GOOG","584.211267744"
"2014-03-17","GOOG","593.825236728"
"2014-03-18","GOOG","603.369442701"
"2014-03-19","GOOG","597.386888782"
"2014-03-20","GOOG","596.345749228"
"2014-03-21","GOOG","589.312106548"
"2014-03-24","GOOG","576.803967623"
"2014-03-25","GOOG","577.197522981"
"2014-03-26","GOOG","563.872426713"
"2014-03-27","GOOG","556.933490103"
"2014-03-28","GOOG","558.459314951"
"2014-03-31","GOOG","555.447521829"
"2014-04-01","GOOG","565.609676633"
"2014-04-02","GOOG","565.450130666"
"2014-04-03","GOOG","568.182625601"
"2014-04-04","GOOG","541.65534525"
"2014-04-07","GOOG","536.679003795"
"2014-04-08","GOOG","553.383181475"
"2014-04-09","GOOG","562.597944344"
"2014-04-10","GOOG","539.471314506"
"2014-04-11","GOOG","529.149611741"
"2014-04-14","GOOG","531.064354814"
"2014-04-15","GOOG","534.973673779"
"2014-04-16","GOOG","555.018686197"
"2014-04-17","GOOG","534.634560813"
"2014-04-21","GOOG","527.175054887"
"2014-04-22","GOOG","533.348117743"
"2014-04-23","GOOG","525.499631761"
"2014-04-24","GOOG","523.724477447"
"2014-04-25","GOOG","514.769053563"
"2014-04-28","GOOG","515.736404701"
"2014-04-29","GOOG","526.257569842"
"2014-04-30","GOOG","525.220395404"
"2014-05-01","GOOG","529.897601136"
"2014-05-02","GOOG","526.486941103"
"2014-05-05","GOOG","526.367250713"
"2014-05-06","GOOG","513.731879126"
"2014-05-07","GOOG","508.566052902"
"2014-05-08","GOOG","509.603197421"
"2014-05-09","GOOG","517.312094644"
"2014-05-12","GOOG","528.471508474"
"2014-05-13","GOOG","531.63283904"
"2014-05-14","GOOG","525.210446719"
"2014-05-15","GOOG","518.558621305"
"2014-05-16","GOOG","519.206879512"
"2014-05-19","GOOG","527.414374834"
"2014-05-20","GOOG","528.321910196"
"2014-05-21","GOOG","537.466849764"
"2014-05-22","GOOG","543.570087325"
"2014-05-23","GOOG","551.189202046"
"2014-05-27","GOOG","564.403006546"
"2014-05-28","GOOG","560.144686763"
"2014-05-29","GOOG","558.549037617"
"2014-05-30","GOOG","558.359582766"
"2014-06-02","GOOG","552.415830338"
"2014-06-03","GOOG","543.450396935"
"2014-06-04","GOOG","543.171159581"
"2014-06-05","GOOG","552.385923447"
"2014-06-06","GOOG","554.809274138"
"2014-06-09","GOOG","560.583470083"
"2014-06-10","GOOG","559.017727828"
"2014-06-11","GOOG","557.312397812"
"2014-06-12","GOOG","549.842882366"
"2014-06-13","GOOG","550.251758796"
"2014-06-16","GOOG","542.792251873"
"2014-06-17","GOOG","541.525706174"
"2014-06-18","GOOG","551.857356627"
"2014-06-19","GOOG","553.383181475"
"2014-06-20","GOOG","554.839181029"
"2014-06-23","GOOG","563.405748517"
"2014-06-24","GOOG","563.076645071"
"2014-06-25","GOOG","577.068286021"
"2014-06-26","GOOG","574.425512755"
"2014-06-27","GOOG","575.662151563"
"2014-06-30","GOOG","573.707492081"
"2014-07-01","GOOG","581.077276338"
"2014-07-02","GOOG","580.743229464"
"2014-07-03","GOOG","583.131668006"
"2014-07-07","GOOG","580.658451222"
"2014-07-08","GOOG","569.528945281"
"2014-07-09","GOOG","574.505285738"
"2014-07-10","GOOG","569.538893967"
"2014-07-11","GOOG","577.596852841"
"2014-07-14","GOOG","583.271255767"
"2014-07-15","GOOG","583.181534098"
"2014-07-16","GOOG","581.067327652"
"2014-07-17","GOOG","572.161709028"
"2014-07-18","GOOG","593.453369773"
"2014-07-21","GOOG","587.858678997"
"2014-07-22","GOOG","593.114317641"
"2014-07-23","GOOG","594.350895616"
"2014-07-24","GOOG","591.728081552"
"2014-07-25","GOOG","587.409946991"
"2014-07-28","GOOG","588.985636934"
"2014-07-29","GOOG","584.009235644"
"2014-07-30","GOOG","585.814296848"
"2014-07-31","GOOG","570.037553896"
"2014-08-01","GOOG","564.522636103"
"2014-08-04","GOOG","571.583336948"
"2014-08-05","GOOG","563.525378075"
"2014-08-06","GOOG","564.825859602"
"2014-08-07","GOOG","561.820048058"
"2014-08-08","GOOG","567.215275461"
"2014-08-11","GOOG","566.327698304"
"2014-08-12","GOOG","561.191809886"
"2014-08-13","GOOG","573.208832151"
"2014-08-14","GOOG","573.079193075"
"2014-08-15","GOOG","571.912440395"
"2014-08-18","GOOG","580.568667723"
"2014-08-19","GOOG","585.255823138"
"2014-08-20","GOOG","582.892287225"
"2014-08-21","GOOG","581.77539964"
"2014-08-22","GOOG","580.967595467"
"2014-08-25","GOOG","578.614069073"
"2014-08-26","GOOG","576.280441049"
"2014-08-27","GOOG","569.439161781"
"2014-08-28","GOOG","567.644110096"
"2014-08-29","GOOG","570.037553896"
"2014-09-02","GOOG","575.751874229"
"2014-09-03","GOOG","576.360214032"
"2014-09-04","GOOG","580.389162554"
"2014-09-05","GOOG","584.477987685"
"2014-09-08","GOOG","588.108008463"
"2014-09-09","GOOG","579.421812414"
"2014-09-10","GOOG","581.506110972"
"2014-09-11","GOOG","579.760925379"
"2014-09-12","GOOG","574.046544213"
"2014-09-15","GOOG","571.533470856"
"2014-09-16","GOOG","578.364739607"
"2014-09-17","GOOG","583.171524579"
"2014-09-18","GOOG","587.659276457"
"2014-09-19","GOOG","594.450627801"
"2014-09-22","GOOG","585.764431753"
"2014-09-23","GOOG","579.541502804"
"2014-09-24","GOOG","586.382720242"
"2014-09-25","GOOG","573.488069505"
"2014-09-26","GOOG","575.522502968"
"2014-09-29","GOOG","574.784523092"
"2014-09-30","GOOG","575.78178112"
"2014-10-01","GOOG","566.716676365"
"2014-10-02","GOOG","568.521677734"
"2014-10-03","GOOG","573.707492081"
"2014-10-06","GOOG","575.771832434"
"2014-10-07","GOOG","562.1990166"
"2014-10-08","GOOG","570.935079739"
"2014-10-09","GOOG","559.346831275"
"2014-10-10","GOOG","543.001664929"
"2014-10-13","GOOG","531.7524676"
"2014-10-14","GOOG","536.469530903"
"2014-10-15","GOOG","528.581189345"
"2014-10-16","GOOG","523.07628107"
"2014-10-17","GOOG","509.772723986"
"2014-10-20","GOOG","519.416291572"
"2014-10-21","GOOG","525.100705014"
"2014-10-22","GOOG","531.253869501"
"2014-10-23","GOOG","542.493056314"
"2014-10-24","GOOG","538.304499995"
"2014-10-27","GOOG","539.291809337"
"2014-10-28","GOOG","547.399572474"
"2014-10-29","GOOG","547.828407108"
"2014-10-30","GOOG","548.805767765"
"2014-10-31","GOOG","557.551779589"
"2014-11-03","GOOG","553.702335239"
"2014-11-04","GOOG","552.595335506"
"2014-11-05","GOOG","544.427757592"
"2014-11-06","GOOG","540.558355036"
"2014-11-07","GOOG","539.531190118"
"2014-11-10","GOOG","545.993438016"
"2014-11-11","GOOG","548.78580956"
"2014-11-12","GOOG","545.813932847"
"2014-11-13","GOOG","543.889242086"
"2014-11-14","GOOG","542.91188143"
"2014-11-17","GOOG","535.043437243"
"2014-11-18","GOOG","533.567539321"
"2014-11-19","GOOG","535.522138967"
"2014-11-20","GOOG","533.368075948"
"2014-11-21","GOOG","536.030746585"
"2014-11-24","GOOG","537.795952213"
"2014-11-25","GOOG","539.600953582"
"2014-11-26","GOOG","538.892942427"
"2014-11-28","GOOG","540.348942977"
"2014-12-01","GOOG","532.340849199"
"2014-12-02","GOOG","532.290984103"
"2014-12-03","GOOG","529.867632415"
"2014-12-04","GOOG","535.841292731"
"2014-12-05","GOOG","523.824209632"
"2014-12-08","GOOG","525.539488335"
"2014-12-09","GOOG","531.912075397"
"2014-12-10","GOOG","524.62200329"
"2014-12-11","GOOG","526.895817533"
"2014-12-12","GOOG","517.242270347"
"2014-12-15","GOOG","512.395568965"
"2014-12-16","GOOG","494.035866528"
"2014-12-17","GOOG","503.509908546"
"2014-12-18","GOOG","509.702929607"
"2014-12-19","GOOG","514.938549213"
"2014-12-22","GOOG","523.435291407"
"2014-12-23","GOOG","529.139663055"
"2014-12-24","GOOG","527.324652167"
"2014-12-26","GOOG","532.57022046"
"2014-12-29","GOOG","528.880384903"
"2014-12-30","GOOG","528.970106572"
"2014-12-31","GOOG","524.961116255"
"2015-01-02","GOOG","523.375476629"
"2015-01-05","GOOG","512.46533243"
"2015-01-06","GOOG","500.587897926"
"2015-01-07","GOOG","499.730258575"
"2015-01-08","GOOG","501.305949516"
"2015-01-09","GOOG","494.813732896"
"2015-01-12","GOOG","491.203639408"
"2015-01-13","GOOG","494.823712497"
"2015-01-14","GOOG","499.500887314"
"2015-01-15","GOOG","500.418372359"
"2015-01-16","GOOG","506.6911674"
"2015-01-20","GOOG","505.514404203"
"2015-01-21","GOOG","516.623981858"
"2015-01-22","GOOG","532.929230797"
"2015-01-23","GOOG","538.474056478"
"2015-01-26","GOOG","533.747045487"
"2015-01-27","GOOG","517.212363456"
"2015-01-28","GOOG","508.605940391"
"2015-01-29","GOOG","509.264115371"
"2015-01-30","GOOG","533.058931703"
"2015-02-02","GOOG","527.035405295"
"2015-02-03","GOOG","527.793343376"
"2015-02-04","GOOG","521.331034644"
"2015-02-05","GOOG","526.137879452"
"2015-02-06","GOOG","529.548539485"
"2015-02-09","GOOG","526.387209915"
"2015-02-10","GOOG","535.472272875"
"2015-02-11","GOOG","534.504921737"
"2015-02-12","GOOG","541.445932193"
"2015-02-13","GOOG","547.509314178"
"2015-02-17","GOOG","541.356149691"
"2015-02-18","GOOG","538.224726015"
"2015-02-19","GOOG","541.386056582"
"2015-02-20","GOOG","537.47679845"
"2015-02-23","GOOG","530.456014014"
"2015-02-24","GOOG","534.624612127"
"2015-02-25","GOOG","542.383375443"
"2015-02-26","GOOG","553.961614388"
"2015-02-27","GOOG","556.873614491"
"2015-03-02","GOOG","569.778274747"
"2015-03-03","GOOG","572.071986361"
"2015-03-04","GOOG","571.802698691"
"2015-03-05","GOOG","573.757358173"
"2015-03-06","GOOG","566.133239192"
"2015-03-09","GOOG","567.295048445"
"2015-03-10","GOOG","553.492923179"
"2015-03-11","GOOG","549.673386717"
"2015-03-12","GOOG","553.991521278"
"2015-03-13","GOOG","545.823943364"
"2015-03-16","GOOG","552.99426325"
"2015-03-17","GOOG","549.334273751"
"2015-03-18","GOOG","557.970604705"
"2015-03-19","GOOG","556.464738062"
"2015-03-20","GOOG","558.828273974"
"2015-03-23","GOOG","557.282490921"
"2015-03-24","GOOG","568.631419438"
"2015-03-25","GOOG","557.257588291"
"2015-03-26","GOOG","553.652469146"
"2015-03-27","GOOG","546.841159596"
"2015-03-30","GOOG","550.521046467"
"2015-03-31","GOOG","546.502046631"
"2015-04-01","GOOG","541.076912337"
"2015-04-02","GOOG","534.066138417"
"2015-04-06","GOOG","535.297771967"
"2015-04-07","GOOG","535.552045858"
"2015-04-08","GOOG","540.129520402"
"2015-04-09","GOOG","539.301818856"
"2015-04-10","GOOG","538.533871256"
"2015-04-13","GOOG","537.696221025"
"2015-04-14","GOOG","528.940199682"
"2015-04-15","GOOG","531.074364333"
"2015-04-16","GOOG","532.340849199"
"2015-04-17","GOOG","522.617539545"
"2015-04-20","GOOG","533.916540139"
"2015-04-21","GOOG","532.510405681"
"2015-04-22","GOOG","537.89067914"
"2015-04-23","GOOG","545.504788603"
"2015-04-24","GOOG","563.515429389"
"2015-04-27","GOOG","555.369995"
"2015-04-28","GOOG","553.679993"
"2015-04-29","GOOG","549.080017"
"2015-04-30","GOOG","537.340027"
"2015-05-01","GOOG","537.900024"
"2015-05-04","GOOG","540.780029"
"2015-05-05","GOOG","530.799988"
"2015-05-06","GOOG","524.219971"
"2015-05-07","GOOG","530.700012"
"2015-05-08","GOOG","538.219971"
"2015-05-11","GOOG","535.700012"
"2015-05-12","GOOG","529.039978"
"2015-05-13","GOOG","529.619995"
"2015-05-14","GOOG","538.400024"
"2015-05-15","GOOG","533.849976"
"2015-05-18","GOOG","532.299988"
"2015-05-19","GOOG","537.359985"
"2015-05-20","GOOG","539.27002"
"2015-05-21","GOOG","542.51001"
"2015-05-22","GOOG","540.109985"
"2015-05-26","GOOG","532.320007"
"2015-05-27","GOOG","539.789978"
"2015-05-28","GOOG","539.780029"
"2015-05-29","GOOG","532.109985"
"2015-06-01","GOOG","533.98999"
"2015-06-02","GOOG","539.179993"
"2015-06-03","GOOG","540.309998"
"2015-06-04","GOOG","536.700012"
"2015-06-05","GOOG","533.330017"
"2015-06-08","GOOG","526.830017"
"2015-06-09","GOOG","526.690002"
"2015-06-10","GOOG","536.690002"
"2015-06-11","GOOG","534.609985"
"2015-06-12","GOOG","532.330017"
"2015-06-15","GOOG","527.200012"
"2015-06-16","GOOG","528.150024"
"2015-06-17","GOOG","529.26001"
"2015-06-18","GOOG","536.72998"
"2015-06-19","GOOG","536.690002"
"2015-06-22","GOOG","538.190002"
"2015-06-23","GOOG","540.47998"
"2015-06-24","GOOG","537.840027"
"2015-06-25","GOOG","535.22998"
"2015-06-26","GOOG","531.690002"
"2015-06-29","GOOG","521.52002"
"2015-06-30","GOOG","520.51001"
"2015-07-01","GOOG","521.840027"
"2015-07-02","GOOG","523.400024"
"2015-07-06","GOOG","522.859985"
"2015-07-07","GOOG","525.02002"
"2015-07-08","GOOG","516.830017"
"2015-07-09","GOOG","520.679993"
"2015-07-10","GOOG","530.130005"
"2015-07-13","GOOG","546.549988"
"2015-07-14","GOOG","561.099976"
"2015-07-15","GOOG","560.219971"
"2015-07-16","GOOG","579.849976"
"2015-07-17","GOOG","672.929993"
"2015-07-20","GOOG","663.02002"
"2015-07-21","GOOG","662.299988"
"2015-07-22","GOOG","662.099976"
"2015-07-23","GOOG","644.280029"
"2015-07-24","GOOG","623.559998"
"2015-07-27","GOOG","627.26001"
"2015-07-28","GOOG","628.0"
"2015-07-29","GOOG","631.929993"
"2015-07-30","GOOG","632.590027"
"2015-07-31","GOOG","625.609985"
"2015-08-03","GOOG","631.210022"
"2015-08-04","GOOG","629.25"
"2015-08-05","GOOG","643.780029"
"2015-08-06","GOOG","642.679993"
"2015-08-07","GOOG","635.299988"
"2015-08-10","GOOG","633.72998"
"2015-08-11","GOOG","660.780029"
"2015-08-12","GOOG","659.559998"
"2015-08-13","GOOG","656.450012"
"2015-08-14","GOOG","657.119995"
"2015-08-17","GOOG","660.869995"
"2015-08-18","GOOG","656.130005"
"2015-08-19","GOOG","660.900024"
"2015-08-20","GOOG","646.830017"
"2015-08-21","GOOG","612.47998"
"2015-08-24","GOOG","589.609985"
"2015-08-25","GOOG","582.059998"
"2015-08-26","GOOG","628.619995"
"2015-08-27","GOOG","637.609985"
"2015-08-28","GOOG","630.380005"
"2015-08-31","GOOG","618.25"
"2015-09-01","GOOG","597.789978"
"2015-09-02","GOOG","614.340027"
"2015-09-03","GOOG","606.25"
"2015-09-04","GOOG","600.700012"
"2015-09-08","GOOG","614.659973"
"2015-09-09","GOOG","612.719971"
"2015-09-10","GOOG","621.349976"
"2015-09-11","GOOG","625.77002"
"2015-09-14","GOOG","623.23999"
"2015-09-15","GOOG","635.140015"
"2015-09-16","GOOG","635.97998"
"2015-09-17","GOOG","642.900024"
"2015-09-18","GOOG","629.25"
"2015-09-21","GOOG","635.440002"
"2015-09-22","GOOG","622.690002"
"2015-09-23","GOOG","622.359985"
"2015-09-24","GOOG","625.799988"
"2015-09-25","GOOG","611.969971"
"2015-09-28","GOOG","594.890015"
"2015-09-29","GOOG","594.969971"
"2015-09-30","GOOG","608.419983"
"2015-10-01","GOOG","611.289978"
"2015-10-02","GOOG","626.909973"
"2015-10-05","GOOG","641.469971"
"2015-10-06","GOOG","645.440002"
"2015-10-07","GOOG","642.359985"
"2015-10-08","GOOG","639.159973"
"2015-10-09","GOOG","643.609985"
"2015-10-12","GOOG","646.669983"
"2015-10-13","GOOG","652.299988"
"2015-10-14","GOOG","651.159973"
"2015-10-15","GOOG","661.73999"
"2015-10-16","GOOG","662.200012"
"2015-10-19","GOOG","666.099976"
"2015-10-20","GOOG","650.280029"
"2015-10-21","GOOG","642.609985"
"2015-10-22","GOOG","651.789978"
"2015-10-23","GOOG","702.0"
"2015-10-26","GOOG","712.780029"
"2015-10-27","GOOG","708.48999"
"2015-10-28","GOOG","712.950012"
"2015-10-29","GOOG","716.919983"
"2015-10-30","GOOG","710.809998"
"2015-11-02","GOOG","721.109985"
"2015-11-03","GOOG","722.159973"
"2015-11-04","GOOG","728.109985"
"2015-11-05","GOOG","731.25"
"2015-11-06","GOOG","733.76001"
"2015-11-09","GOOG","724.890015"
"2015-11-10","GOOG","728.320007"
"2015-11-11","GOOG","735.400024"
"2015-11-12","GOOG","731.22998"
"2015-11-13","GOOG","717.0"
"2015-11-16","GOOG","728.960022"
"2015-11-17","GOOG","725.299988"
"2015-11-18","GOOG","740.0"
"2015-11-19","GOOG","738.409973"
"2015-11-20","GOOG","756.599976"
"2015-11-23","GOOG","755.97998"
"2015-11-24","GOOG","748.280029"
"2015-11-25","GOOG","748.150024"
"2015-11-27","GOOG","750.26001"
"2015-11-30","GOOG","742.599976"
"2015-12-01","GOOG","767.039978"
"2015-12-02","GOOG","762.380005"
"2015-12-03","GOOG","752.539978"
"2015-12-04","GOOG","766.809998"
"2015-12-07","GOOG","763.25"
"2015-12-08","GOOG","762.369995"
"2015-12-09","GOOG","751.609985"
"2015-12-10","GOOG","749.460022"
"2015-12-11","GOOG","738.869995"
"2015-12-14","GOOG","747.77002"
"2015-12-15","GOOG","743.400024"
"2015-12-16","GOOG","758.090027"
"2015-12-17","GOOG","749.429993"
"2015-12-18","GOOG","739.309998"
"2015-12-21","GOOG","747.77002"
"2015-12-22","GOOG","750.0"
"2015-12-23","GOOG","750.309998"
"2015-12-24","GOOG","748.400024"
"2015-12-28","GOOG","762.51001"
"2015-12-29","GOOG","776.599976"
"2015-12-30","GOOG","771.0"
"2015-12-31","GOOG","758.880005"
"2016-01-04","GOOG","741.840027"
"2016-01-05","GOOG","742.580017"
"2016-01-06","GOOG","743.619995"
"2016-01-07","GOOG","726.390015"
"2016-01-08","GOOG","714.469971"
"2016-01-11","GOOG","716.030029"
"2016-01-12","GOOG","726.070007"
"2016-01-13","GOOG","700.559998"
"2016-01-14","GOOG","714.719971"
"2016-01-15","GOOG","694.450012"
"2016-01-19","GOOG","701.789978"
"2016-01-20","GOOG","698.450012"
"2016-01-21","GOOG","706.590027"
"2016-01-22","GOOG","725.25"
"2016-01-25","GOOG","711.669983"
"2016-01-26","GOOG","713.039978"
"2016-01-27","GOOG","699.98999"
"2016-01-28","GOOG","730.960022"
"2016-01-29","GOOG","742.950012"
"2016-02-01","GOOG","752.0"
"2016-02-02","GOOG","764.650024"
"2016-02-03","GOOG","726.950012"
"2016-02-04","GOOG","708.01001"
"2016-02-05","GOOG","683.570007"
"2016-02-08","GOOG","682.73999"
"2016-02-09","GOOG","678.109985"
"2016-02-10","GOOG","684.119995"
"2016-02-11","GOOG","683.109985"
"2016-02-12","GOOG","682.400024"
"2016-02-16","GOOG","691.0"
"2016-02-17","GOOG","708.400024"
"2016-02-18","GOOG","697.349976"
"2016-02-19","GOOG","700.909973"
"2016-02-22","GOOG","706.460022"
"2016-02-23","GOOG","695.849976"
"2016-02-24","GOOG","699.559998"
"2016-02-25","GOOG","705.75"
"2016-02-26","GOOG","705.070007"
"2016-02-29","GOOG","697.77002"
"2016-03-01","GOOG","718.809998"
"2016-03-02","GOOG","718.849976"
"2016-03-03","GOOG","712.419983"
"2016-03-04","GOOG","710.890015"
"2016-03-07","GOOG","695.159973"
"2016-03-08","GOOG","693.969971"
"2016-03-09","GOOG","705.23999"
"2016-03-10","GOOG","712.820007"
"2016-03-11","GOOG","726.820007"
"2016-03-14","GOOG","730.48999"
"2016-03-15","GOOG","728.330017"
"2016-03-16","GOOG","736.090027"
"2016-03-17","GOOG","737.780029"
"2016-03-18","GOOG","737.599976"
"2016-03-21","GOOG","742.090027"
"2016-03-22","GOOG","740.75"
"2016-03-23","GOOG","738.059998"
"2016-03-24","GOOG","735.299988"
"2016-03-28","GOOG","733.530029"
"2016-03-29","GOOG","744.77002"
"2016-03-30","GOOG","750.530029"
"2016-03-31","GOOG","744.950012"
"2016-04-01","GOOG","749.909973"
"2016-04-04","GOOG","745.289978"
"2016-04-05","GOOG","737.799988"
"2016-04-06","GOOG","745.690002"
"2016-04-07","GOOG","740.280029"
"2016-04-08","GOOG","739.150024"
"2016-04-11","GOOG","736.099976"
"2016-04-12","GOOG","743.090027"
"2016-04-13","GOOG","751.719971"
"2016-04-14","GOOG","753.200012"
"2016-04-15","GOOG","759.0"
"2016-04-18","GOOG","766.609985"
"2016-04-19","GOOG","753.929993"
"2016-04-20","GOOG","752.669983"
"2016-04-21","GOOG","759.140015"
"2016-04-22","GOOG","718.77002"
"2016-04-25","GOOG","723.150024"
"2016-04-26","GOOG","708.140015"
"2016-04-27","GOOG","705.840027"
"2016-04-28","GOOG","691.02002"
"2016-04-29","GOOG","693.01001"
"2016-05-02","GOOG","698.210022"
"2016-05-03","GOOG","692.359985"
"2016-05-04","GOOG","695.700012"
"2016-05-05","GOOG","701.429993"
"2016-05-06","GOOG","711.119995"
"2016-05-09","GOOG","712.900024"
"2016-05-10","GOOG","723.179993"
"2016-05-11","GOOG","715.289978"
"2016-05-12","GOOG","713.309998"
"2016-05-13","GOOG","710.830017"
"2016-05-16","GOOG","716.48999"
"2016-05-17","GOOG","706.22998"
"2016-05-18","GOOG","706.630005"
"2016-05-19","GOOG","700.320007"
"2016-05-20","GOOG","709.73999"
"2016-05-23","GOOG","704.23999"
"2016-05-24","GOOG","720.090027"
"2016-05-25","GOOG","725.27002"
"2016-05-26","GOOG","724.119995"
"2016-05-27","GOOG","732.659973"
"2016-05-31","GOOG","735.719971"
"2016-06-01","GOOG","734.150024"
"2016-06-02","GOOG","730.400024"
"2016-06-03","GOOG","722.340027"
"2016-06-06","GOOG","716.549988"
"2016-06-07","GOOG","716.650024"
"2016-06-08","GOOG","728.280029"
"2016-06-09","GOOG","728.580017"
"2016-06-10","GOOG","719.409973"
"2016-06-13","GOOG","718.359985"
"2016-06-14","GOOG","718.27002"
"2016-06-15","GOOG","718.919983"
"2016-06-16","GOOG","710.359985"
"2016-06-17","GOOG","691.719971"
"2016-06-20","GOOG","693.710022"
"2016-06-21","GOOG","695.940002"
"2016-06-22","GOOG","697.460022"
"2016-06-23","GOOG","701.869995"
"2016-06-24","GOOG","675.219971"
"2016-06-27","GOOG","668.26001"
"2016-06-28","GOOG","680.039978"
"2016-06-29","GOOG","684.109985"
"2016-06-30","GOOG","692.099976"
"2016-07-01","GOOG","699.210022"
"2016-07-05","GOOG","694.950012"
"2016-07-06","GOOG","697.77002"
"2016-07-07","GOOG","695.359985"
"2016-07-08","GOOG","705.630005"
"2016-07-11","GOOG","715.090027"
"2016-07-12","GOOG","720.640015"
"2016-07-13","GOOG","716.97998"
"2016-07-14","GOOG","720.950012"
"2016-07-15","GOOG","719.849976"
"2016-07-18","GOOG","733.780029"
"2016-07-19","GOOG","736.960022"
"2016-07-20","GOOG","741.190002"
"2016-07-21","GOOG","738.630005"
"2016-07-22","GOOG","742.73999"
"2016-07-25","GOOG","739.77002"
"2016-07-26","GOOG","738.419983"
"2016-07-27","GOOG","741.77002"
"2016-07-28","GOOG","745.909973"
"2016-07-29","GOOG","768.789978"
"2016-08-01","GOOG","772.880005"
"2016-08-02","GOOG","771.070007"
"2016-08-03","GOOG","773.179993"
"2016-08-04","GOOG","771.609985"
"2016-08-05","GOOG","782.219971"
"2016-08-08","GOOG","781.76001"
"2016-08-09","GOOG","784.26001"
"2016-08-10","GOOG","784.679993"
"2016-08-11","GOOG","784.849976"
"2016-08-12","GOOG","783.219971"
"2016-08-15","GOOG","782.440002"
"2016-08-16","GOOG","777.140015"
"2016-08-17","GOOG","779.909973"
"2016-08-18","GOOG","777.5"
"2016-08-19","GOOG","775.419983"
"2016-08-22","GOOG","772.150024"
"2016-08-23","GOOG","772.080017"
"2016-08-24","GOOG","769.640015"
"2016-08-25","GOOG","769.409973"
"2016-08-26","GOOG","769.539978"
"2016-08-29","GOOG","772.150024"
"2016-08-30","GOOG","769.090027"
"2016-08-31","GOOG","767.049988"
"2016-09-01","GOOG","768.780029"
"2016-09-02","GOOG","771.460022"
"2016-09-06","GOOG","780.080017"
"2016-09-07","GOOG","780.349976"
"2016-09-08","GOOG","775.320007"
"2016-09-09","GOOG","759.659973"
"2016-09-12","GOOG","769.02002"
"2016-09-13","GOOG","759.690002"
"2016-09-14","GOOG","762.48999"
"2016-09-15","GOOG","771.76001"
"2016-09-16","GOOG","768.880005"
"2016-09-19","GOOG","765.700012"
"2016-09-20","GOOG","771.409973"
"2016-09-21","GOOG","776.219971"
"2016-09-22","GOOG","787.210022"
"2016-09-23","GOOG","786.900024"
"2016-09-26","GOOG","774.210022"
"2016-09-27","GOOG","783.01001"
"2016-09-28","GOOG","781.559998"
"2016-09-29","GOOG","775.01001"
"2016-09-30","GOOG","777.289978"
"2016-10-03","GOOG","772.559998"
"2016-10-04","GOOG","776.429993"
"2016-10-05","GOOG","776.469971"
"2016-10-06","GOOG","776.859985"
"2016-10-07","GOOG","775.080017"
"2016-10-10","GOOG","785.940002"
"2016-10-11","GOOG","783.070007"
"2016-10-12","GOOG","786.140015"
"2016-10-13","GOOG","778.190002"
"2016-10-14","GOOG","778.530029"
"2016-10-17","GOOG","779.960022"
"2016-10-18","GOOG","795.26001"
"2016-10-19","GOOG","801.5"
"2016-10-20","GOOG","796.969971"
"2016-10-21","GOOG","799.369995"
"2016-10-24","GOOG","813.109985"
"2016-10-25","GOOG","807.669983"
"2016-10-26","GOOG","799.070007"
"2016-10-27","GOOG","795.349976"
"2016-10-28","GOOG","795.369995"
"2016-10-31","GOOG","784.539978"
"2016-11-01","GOOG","783.609985"
"2016-11-02","GOOG","768.700012"
"2016-11-03","GOOG","762.130005"
"2016-11-04","GOOG","762.02002"
"2016-11-07","GOOG","782.52002"
"2016-11-08","GOOG","790.51001"
"2016-11-09","GOOG","785.309998"
"2016-11-10","GOOG","762.559998"
"2016-11-11","GOOG","754.02002"
"2016-11-14","GOOG","736.080017"
"2016-11-15","GOOG","758.48999"
"2016-11-16","GOOG","764.47998"
"2016-11-17","GOOG","771.22998"
"2016-11-18","GOOG","760.539978"
"2016-11-21","GOOG","769.200012"
"2016-11-22","GOOG","768.27002"
"2016-11-23","GOOG","760.98999"
"2016-11-25","GOOG","761.679993"
"2016-11-28","GOOG","768.23999"
"2016-11-29","GOOG","770.840027"
"2016-11-30","GOOG","758.039978"
"2016-12-01","GOOG","747.919983"
"2016-12-02","GOOG","750.5"
"2016-12-05","GOOG","762.52002"
"2016-12-06","GOOG","759.109985"
"2016-12-07","GOOG","771.190002"
"2016-12-08","GOOG","776.419983"
"2016-12-09","GOOG","789.289978"
"2016-12-12","GOOG","789.27002"
"2016-12-13","GOOG","796.099976"
"2016-12-14","GOOG","797.070007"
"2016-12-15","GOOG","797.849976"
"2016-12-16","GOOG","790.799988"
"2016-12-19","GOOG","794.200012"
"2016-12-20","GOOG","796.419983"
"2016-12-21","GOOG","794.559998"
"2016-12-22","GOOG","791.26001"
"2016-12-23","GOOG","789.909973"
"2016-12-27","GOOG","791.549988"
"2016-12-28","GOOG","785.049988"
"2016-12-29","GOOG","782.789978"
"2016-12-30","GOOG","771.820007"
